{
	"type": "minecraft:entity",
	"pools": [
		{
			"rolls": 1,
			"entries": [
				{
					"type": "minecraft:item",
					"name": "minecraft:stone_button",
					"functions": [
						{
							"function": "minecraft:set_attributes",
							"modifiers": [
								{
									"name": "head_x",
									"attribute": "generic.attack_damage",
									"amount": {
										"min": -180,
										"max": 180
									},
									"slot": "mainhand",
									"operation": "add_value"
								},
								{
									"name": "head_y",
									"attribute": "generic.attack_damage",
									"amount": {
										"min": -180,
										"max": 180
									},
									"slot": "mainhand",
									"operation": "add_value"
								},
								{
									"name": "head_z",
									"attribute": "generic.attack_damage",
									"amount": {
										"min": -180,
										"max": 180
									},
									"slot": "mainhand",
									"operation": "add_value"
								},
								{
									"name": "body_x",
									"attribute": "generic.attack_damage",
									"amount": {
										"min": -180,
										"max": 180
									},
									"slot": "mainhand",
									"operation": "add_value"
								},
								{
									"name": "body_y",
									"attribute": "generic.attack_damage",
									"amount": {
										"min": -180,
										"max": 180
									},
									"slot": "mainhand",
									"operation": "add_value"
								},
								{
									"name": "body_z",
									"attribute": "generic.attack_damage",
									"amount": {
										"min": -180,
										"max": 180
									},
									"slot": "mainhand",
									"operation": "add_value"
								},
								{
									"name": "left_arm_x",
									"attribute": "generic.attack_damage",
									"amount": {
										"min": -180,
										"max": 180
									},
									"slot": "mainhand",
									"operation": "add_value"
								},
								{
									"name": "left_arm_y",
									"attribute": "generic.attack_damage",
									"amount": {
										"min": -180,
										"max": 180
									},
									"slot": "mainhand",
									"operation": "add_value"
								},
								{
									"name": "left_arm_z",
									"attribute": "generic.attack_damage",
									"amount": {
										"min": -180,
										"max": 180
									},
									"slot": "mainhand",
									"operation": "add_value"
								},
								{
									"name": "right_arm_x",
									"attribute": "generic.attack_damage",
									"amount": {
										"min": -180,
										"max": 180
									},
									"slot": "mainhand",
									"operation": "add_value"
								},
								{
									"name": "right_arm_y",
									"attribute": "generic.attack_damage",
									"amount": {
										"min": -180,
										"max": 180
									},
									"slot": "mainhand",
									"operation": "add_value"
								},
								{
									"name": "right_arm_z",
									"attribute": "generic.attack_damage",
									"amount": {
										"min": -180,
										"max": 180
									},
									"slot": "mainhand",
									"operation": "add_value"
								},
								{
									"name": "left_leg_x",
									"attribute": "generic.attack_damage",
									"amount": {
										"min": -180,
										"max": 180
									},
									"slot": "mainhand",
									"operation": "add_value"
								},
								{
									"name": "left_leg_y",
									"attribute": "generic.attack_damage",
									"amount": {
										"min": -180,
										"max": 180
									},
									"slot": "mainhand",
									"operation": "add_value"
								},
								{
									"name": "left_leg_z",
									"attribute": "generic.attack_damage",
									"amount": {
										"min": -180,
										"max": 180
									},
									"slot": "mainhand",
									"operation": "add_value"
								},
								{
									"name": "right_leg_x",
									"attribute": "generic.attack_damage",
									"amount": {
										"min": -180,
										"max": 180
									},
									"slot": "mainhand",
									"operation": "add_value"
								},
								{
									"name": "right_leg_y",
									"attribute": "generic.attack_damage",
									"amount": {
										"min": -180,
										"max": 180
									},
									"slot": "mainhand",
									"operation": "add_value"
								},
								{
									"name": "right_leg_z",
									"attribute": "generic.attack_damage",
									"amount": {
										"min": -180,
										"max": 180
									},
									"slot": "mainhand",
									"operation": "add_value"
								}
							]
						}
					]
				}
			]
		}
	]
}