{
	"criteria": {
		"player_interacted_with_entity": {
			"trigger": "minecraft:item_used_on_block",
			"conditions": {
				"location": [
					{
						"condition": "minecraft:match_tool",
						"predicate": {
							"items": [
								"minecraft:glass_bottle"
							]
						}
					},
					{
						"condition": "minecraft:block_state_property",
						"block": "minecraft:enchanting_table"
					},
					{
						"condition": "minecraft:entity_properties",
						"entity": "this",
						"predicate": {
							"type_specific": {
								"type": "player",
								"level": {
									"min": 1
								}
							}
						}
					}
				]
			}
		}
	},
	"rewards": {
		"function": "xp_management:try_to_bottle_xp"
	}
}